﻿<Hash CRCVers="V1.0">4DA0533C</Hash>
<JobList>
  <UIJob>
    <JobStatus>Idle</JobStatus>
    <string>360..prt</string>
    <int>1</int>
    <dateTime>2020-04-20T14:44:32.0081032+08:00</dateTime>
    <string>D:\prt\360..prt</string>
    <int>0</int>
    <string>360._000.bmp</string>
    <SPrtFileInfo>
      <sFreSetting>
        <nResolutionX>360</nResolutionX>
        <nResolutionY>360</nResolutionY>
        <nBidirection>0</nBidirection>
        <nPass>1</nPass>
        <nSpeed>HighSpeed</nSpeed>
        <bUsePrinterSetting>0</bUsePrinterSetting>
        <fXOrigin>0</fXOrigin>
      </sFreSetting>
      <sImageInfo>
        <nImageType>0</nImageType>
        <nImageWidth>8564</nImageWidth>
        <nImageHeight>9038</nImageHeight>
        <nImageColorNum>12</nImageColorNum>
        <nImageColorDeep>1</nImageColorDeep>
        <nImageResolutionX>1</nImageResolutionX>
        <nImageResolutionY>1</nImageResolutionY>
        <nImageDataSize>0</nImageDataSize>
      </sImageInfo>
      <nVersion>0</nVersion>
      <sRipSource />
      <sJobName />
    </SPrtFileInfo>
    <JobClip>
      <string>D:\prt\360..prt</string>
      <string>D:\prt\360..prt</string>
      <SPrtFileInfo>
        <sFreSetting>
          <nResolutionX>0</nResolutionX>
          <nResolutionY>0</nResolutionY>
          <nBidirection>0</nBidirection>
          <nPass>0</nPass>
          <nSpeed>HighSpeed</nSpeed>
          <bUsePrinterSetting>0</bUsePrinterSetting>
          <fXOrigin>0</fXOrigin>
        </sFreSetting>
        <sImageInfo>
          <nImageType>0</nImageType>
          <nImageWidth>0</nImageWidth>
          <nImageHeight>0</nImageHeight>
          <nImageColorNum>0</nImageColorNum>
          <nImageColorDeep>0</nImageColorDeep>
          <nImageResolutionX>0</nImageResolutionX>
          <nImageResolutionY>0</nImageResolutionY>
          <nImageDataSize>0</nImageDataSize>
        </sImageInfo>
        <nVersion>0</nVersion>
      </SPrtFileInfo>
      <Rectangle>
        <Location>
          <X>1</X>
          <Y>1</Y>
        </Location>
        <Size>
          <Width>1</Width>
          <Height>1</Height>
        </Size>
        <X>1</X>
        <Y>1</Y>
        <Width>1</Width>
        <Height>1</Height>
      </Rectangle>
      <int>0</int>
      <int>0</int>
      <int>0</int>
      <int>0</int>
      <int>0</int>
      <string />
      <string>Arial, 16pt</string>
      <int>0</int>
      <int>3</int>
      <string />
      <int>0</int>
      <int>0</int>
      <int>0</int>
      <int>0</int>
      <int>1</int>
      <int>1</int>
      <int>0</int>
      <int>0</int>
      <boolean>false</boolean>
      <boolean>true</boolean>
      <boolean>true</boolean>
      <boolean>true</boolean>
      <string />
      <int>0</int>
      <int>0</int>
      <int>0</int>
      <int>0</int>
    </JobClip>
    <boolean>false</boolean>
    <boolean>false</boolean>
    <boolean>true</boolean>
    <SJobSetting_UI>
      <bReversePrint>false</bReversePrint>
      <bAlternatingPrint>false</bAlternatingPrint>
      <bLevelLingPrint>false</bLevelLingPrint>
      <pPrintMode>Normal</pPrintMode>
      <nSpeed>HighSpeed</nSpeed>
      <nPass>0</nPass>
      <multipleInk>0</multipleInk>
      <bUseFileSetting>false</bUseFileSetting>
      <scanningAxis>1</scanningAxis>
      <bIsDouble4CJob>false</bIsDouble4CJob>
      <cNegMaxGray>0</cNegMaxGray>
    </SJobSetting_UI>
    <string>360._000_clip.bmp</string>
    <string />
    <double>0</double>
    <float>0</float>
    <float>0</float>
    <boolean>false</boolean>
  </UIJob>
  <HotFolder>
    <FullPath>D:\1-NewSVN\konic-sw\NewScanning_G\Scan_yan1\bin</FullPath>
    <string>D:\1-NewSVN\konic-sw\NewScanning_G\Scan_yan1\bin\CollBuf.prt</string>
  </HotFolder>
</JobList>