<LayoutSettingClassList>
  <Items>
    <LayoutSettingClass>
      <Name>1</Name>
      <SpecialLayout>false</SpecialLayout>
      <SpecialYSpace>0</SpecialYSpace>
      <Layout>
        <layerNum>3</layerNum>
        <baseLayerIndex>0</baseLayerIndex>
        <layerSetting>
          <LayerSetting>
            <curYinterleaveNum>8</curYinterleaveNum>
            <YContinueHead>1</YContinueHead>
            <curLayerType>0</curLayerType>
            <layerYOffset>0</layerYOffset>
            <subLayerNum>1</subLayerNum>
            <printColor>
              <unsignedInt>15</unsignedInt>
              <unsignedInt>0</unsignedInt>
              <unsignedInt>0</unsignedInt>
              <unsignedInt>0</unsignedInt>
              <unsignedInt>0</unsignedInt>
              <unsignedInt>0</unsignedInt>
              <unsignedInt>0</unsignedInt>
              <unsignedInt>0</unsignedInt>
            </printColor>
            <nlayersource>0</nlayersource>
            <ndatasource>AAAAAAAAAAA=</ndatasource>
            <reverse>AAA=</reverse>
            <nEnableLine>257</nEnableLine>
          </LayerSetting>
          <LayerSetting>
            <curYinterleaveNum>8</curYinterleaveNum>
            <YContinueHead>1</YContinueHead>
            <curLayerType>0</curLayerType>
            <layerYOffset>64</layerYOffset>
            <subLayerNum>1</subLayerNum>
            <printColor>
              <unsignedInt>0</unsignedInt>
              <unsignedInt>0</unsignedInt>
              <unsignedInt>0</unsignedInt>
              <unsignedInt>0</unsignedInt>
              <unsignedInt>0</unsignedInt>
              <unsignedInt>0</unsignedInt>
              <unsignedInt>0</unsignedInt>
              <unsignedInt>0</unsignedInt>
            </printColor>
            <nlayersource>0</nlayersource>
            <ndatasource>AAAAAAAAAAA=</ndatasource>
            <reverse>AAA=</reverse>
            <nEnableLine>257</nEnableLine>
          </LayerSetting>
          <LayerSetting>
            <curYinterleaveNum>8</curYinterleaveNum>
            <YContinueHead>1</YContinueHead>
            <curLayerType>0</curLayerType>
            <layerYOffset>128</layerYOffset>
            <subLayerNum>1</subLayerNum>
            <printColor>
              <unsignedInt>15</unsignedInt>
              <unsignedInt>0</unsignedInt>
              <unsignedInt>0</unsignedInt>
              <unsignedInt>0</unsignedInt>
              <unsignedInt>0</unsignedInt>
              <unsignedInt>0</unsignedInt>
              <unsignedInt>0</unsignedInt>
              <unsignedInt>0</unsignedInt>
            </printColor>
            <nlayersource>1</nlayersource>
            <ndatasource>AAAAAAAAAAA=</ndatasource>
            <reverse>AAA=</reverse>
            <nEnableLine>257</nEnableLine>
          </LayerSetting>
          <LayerSetting>
            <curYinterleaveNum>2</curYinterleaveNum>
            <YContinueHead>1</YContinueHead>
            <curLayerType>0</curLayerType>
            <layerYOffset>0</layerYOffset>
            <subLayerNum>1</subLayerNum>
            <printColor>
              <unsignedInt>0</unsignedInt>
              <unsignedInt>0</unsignedInt>
              <unsignedInt>0</unsignedInt>
              <unsignedInt>0</unsignedInt>
              <unsignedInt>0</unsignedInt>
              <unsignedInt>0</unsignedInt>
              <unsignedInt>0</unsignedInt>
              <unsignedInt>0</unsignedInt>
            </printColor>
            <nlayersource>0</nlayersource>
            <ndatasource>AAAAAAAAAAA=</ndatasource>
            <reverse>AAA=</reverse>
            <nEnableLine>257</nEnableLine>
          </LayerSetting>
          <LayerSetting>
            <curYinterleaveNum>2</curYinterleaveNum>
            <YContinueHead>1</YContinueHead>
            <curLayerType>0</curLayerType>
            <layerYOffset>0</layerYOffset>
            <subLayerNum>1</subLayerNum>
            <printColor>
              <unsignedInt>0</unsignedInt>
              <unsignedInt>0</unsignedInt>
              <unsignedInt>0</unsignedInt>
              <unsignedInt>0</unsignedInt>
              <unsignedInt>0</unsignedInt>
              <unsignedInt>0</unsignedInt>
              <unsignedInt>0</unsignedInt>
              <unsignedInt>0</unsignedInt>
            </printColor>
            <nlayersource>0</nlayersource>
            <ndatasource>AAAAAAAAAAA=</ndatasource>
            <reverse>AAA=</reverse>
            <nEnableLine>257</nEnableLine>
          </LayerSetting>
          <LayerSetting>
            <curYinterleaveNum>2</curYinterleaveNum>
            <YContinueHead>1</YContinueHead>
            <curLayerType>0</curLayerType>
            <layerYOffset>0</layerYOffset>
            <subLayerNum>1</subLayerNum>
            <printColor>
              <unsignedInt>0</unsignedInt>
              <unsignedInt>0</unsignedInt>
              <unsignedInt>0</unsignedInt>
              <unsignedInt>0</unsignedInt>
              <unsignedInt>0</unsignedInt>
              <unsignedInt>0</unsignedInt>
              <unsignedInt>0</unsignedInt>
              <unsignedInt>0</unsignedInt>
            </printColor>
            <nlayersource>0</nlayersource>
            <ndatasource>AAAAAAAAAAA=</ndatasource>
            <reverse>AAA=</reverse>
            <nEnableLine>257</nEnableLine>
          </LayerSetting>
          <LayerSetting>
            <curYinterleaveNum>2</curYinterleaveNum>
            <YContinueHead>1</YContinueHead>
            <curLayerType>0</curLayerType>
            <layerYOffset>0</layerYOffset>
            <subLayerNum>1</subLayerNum>
            <printColor>
              <unsignedInt>0</unsignedInt>
              <unsignedInt>0</unsignedInt>
              <unsignedInt>0</unsignedInt>
              <unsignedInt>0</unsignedInt>
              <unsignedInt>0</unsignedInt>
              <unsignedInt>0</unsignedInt>
              <unsignedInt>0</unsignedInt>
              <unsignedInt>0</unsignedInt>
            </printColor>
            <nlayersource>0</nlayersource>
            <ndatasource>AAAAAAAAAAA=</ndatasource>
            <reverse>AAA=</reverse>
            <nEnableLine>257</nEnableLine>
          </LayerSetting>
          <LayerSetting>
            <curYinterleaveNum>2</curYinterleaveNum>
            <YContinueHead>1</YContinueHead>
            <curLayerType>0</curLayerType>
            <layerYOffset>0</layerYOffset>
            <subLayerNum>1</subLayerNum>
            <printColor>
              <unsignedInt>0</unsignedInt>
              <unsignedInt>0</unsignedInt>
              <unsignedInt>0</unsignedInt>
              <unsignedInt>0</unsignedInt>
              <unsignedInt>0</unsignedInt>
              <unsignedInt>0</unsignedInt>
              <unsignedInt>0</unsignedInt>
              <unsignedInt>0</unsignedInt>
            </printColor>
            <nlayersource>0</nlayersource>
            <ndatasource>AAAAAAAAAAA=</ndatasource>
            <reverse>AAA=</reverse>
            <nEnableLine>257</nEnableLine>
          </LayerSetting>
        </layerSetting>
        <nLayer>7</nLayer>
      </Layout>
    </LayoutSettingClass>
  </Items>
</LayoutSettingClassList>