<SPrinterProperty>
  <bSupportBit1>0</bSupportBit1>
  <fQepPerInchY>0</fQepPerInchY>
  <bSupportFeather>true</bSupportFeather>
  <bSupportHeadHeat>true</bSupportHeadHeat>
  <bSupportDoubleMachine>false</bSupportDoubleMachine>
  <bSupportYEncoder>false</bSupportYEncoder>
  <bSupportWhiteInkYoffset>false</bSupportWhiteInkYoffset>
  <nWhiteInkNum>0</nWhiteInkNum>
  <nOneHeadDivider>0</nOneHeadDivider>
  <nCarriageReturnNum>0</nCarriageReturnNum>
  <ePrinterHead>Konica_KM256M_14pl</ePrinterHead>
  <eSingleClean>None</eSingleClean>
  <nColorNum>4</nColorNum>
  <nHeadNumOld>8</nHeadNumOld>
  <nHeadNumPerColor>1</nHeadNumPerColor>
  <nHeadNumPerGroupY>2</nHeadNumPerGroupY>
  <nHeadNumPerRow>4</nHeadNumPerRow>
  <nHeadHeightNum>0</nHeadHeightNum>
  <nElectricNum>16</nElectricNum>
  <nResNum>3</nResNum>
  <nMediaType>0</nMediaType>
  <nPassListNum>7</nPassListNum>
  <nRev1>1</nRev1>
  <bSupportAutoClean>true</bSupportAutoClean>
  <bSupportPaperSensor>false</bSupportPaperSensor>
  <bSupportWhiteInk>false</bSupportWhiteInk>
  <bSupportUV>false</bSupportUV>
  <bSupportHandFlash>false</bSupportHandFlash>
  <nDspInfo>0</nDspInfo>
  <bSupportMilling>false</bSupportMilling>
  <bSupportZMotion>false</bSupportZMotion>
  <bHeadInLeft>true</bHeadInLeft>
  <bPowerOnRenewProperty>false</bPowerOnRenewProperty>
  <bHeadElectricReverse>true</bHeadElectricReverse>
  <bHeadSerialReverse>false</bHeadSerialReverse>
  <bInternalMap>true</bInternalMap>
  <bElectricMap>false</bElectricMap>
  <fMaxPaperWidth>129.921265</fMaxPaperWidth>
  <fMaxPaperHeight>0</fMaxPaperHeight>
  <fHeadAngle>0</fHeadAngle>
  <fHeadYSpace>0</fHeadYSpace>
  <fHeadXColorSpace>1.45669293</fHeadXColorSpace>
  <fHeadXGroupSpace>0</fHeadXGroupSpace>
  <nResX>720</nResX>
  <nResY>180</nResY>
  <nStepPerHead>8200</nStepPerHead>
  <fPulsePerInchX>0</fPulsePerInchX>
  <_fPulsePerInchY>2540</_fPulsePerInchY>
  <fPulsePerInchZ>0</fPulsePerInchZ>
  <Version>231136545</Version>
  <SettingOnOff>0</SettingOnOff>
  <rev>0</rev>
  <rev1>0</rev1>
  <nElectricNumNew>1796</nElectricNumNew>
  <nHbNum>10</nHbNum>
  <SSysterm>13</SSysterm>
  <nHeadNumNew>2053</nHeadNumNew>
  <rev2>Cw4GCQwPAAECAwAAAAAAAAAAAAAAAAAAAAA=</rev2>
  <eColorOrder>S0NNWW1jT0cBAgQBAgMEBg==</eColorOrder>
  <rev41>8</rev41>
  <bSupportZendPointSensor>true</bSupportZendPointSensor>
  <rev42>AAA=</rev42>
  <eSpeedMap>AAAA</eSpeedMap>
</SPrinterProperty>