<LayoutSettingClassList>
  <Items>
    <LayoutSettingClass>
      <Name>1</Name>
      <SpecialLayout>false</SpecialLayout>
      <SpecialYSpace>0</SpecialYSpace>
      <Layout>
        <layerNum>1</layerNum>
        <baseLayerIndex>0</baseLayerIndex>
        <layerSetting>
          <LayerSetting>
            <curYinterleaveNum>4</curYinterleaveNum>
            <YContinueHead>2</YContinueHead>
            <curLayerType>0</curLayerType>
            <layerYOffset>0</layerYOffset>
            <subLayerNum>1</subLayerNum>
            <printColor>
              <unsignedInt>15</unsignedInt>
              <unsignedInt>0</unsignedInt>
              <unsignedInt>0</unsignedInt>
              <unsignedInt>0</unsignedInt>
              <unsignedInt>0</unsignedInt>
              <unsignedInt>0</unsignedInt>
              <unsignedInt>0</unsignedInt>
              <unsignedInt>0</unsignedInt>
            </printColor>
            <nlayersource>0</nlayersource>
            <ndatasource>AAAAAAAAAAA=</ndatasource>
            <reverse>AAA=</reverse>
            <nEnableLine>257</nEnableLine>
          </LayerSetting>
          <LayerSetting>
            <curYinterleaveNum>2</curYinterleaveNum>
            <YContinueHead>1</YContinueHead>
            <curLayerType>0</curLayerType>
            <layerYOffset>320</layerYOffset>
            <subLayerNum>1</subLayerNum>
            <printColor>
              <unsignedInt>48</unsignedInt>
              <unsignedInt>0</unsignedInt>
              <unsignedInt>0</unsignedInt>
              <unsignedInt>0</unsignedInt>
              <unsignedInt>0</unsignedInt>
              <unsignedInt>0</unsignedInt>
              <unsignedInt>0</unsignedInt>
              <unsignedInt>0</unsignedInt>
            </printColor>
            <nlayersource>0</nlayersource>
            <ndatasource>AAAAAAAAAAA=</ndatasource>
            <reverse>AAA=</reverse>
            <nEnableLine>257</nEnableLine>
          </LayerSetting>
          <LayerSetting>
            <curYinterleaveNum>2</curYinterleaveNum>
            <YContinueHead>1</YContinueHead>
            <curLayerType>0</curLayerType>
            <layerYOffset>640</layerYOffset>
            <subLayerNum>1</subLayerNum>
            <printColor>
              <unsignedInt>192</unsignedInt>
              <unsignedInt>0</unsignedInt>
              <unsignedInt>0</unsignedInt>
              <unsignedInt>0</unsignedInt>
              <unsignedInt>0</unsignedInt>
              <unsignedInt>0</unsignedInt>
              <unsignedInt>0</unsignedInt>
              <unsignedInt>0</unsignedInt>
            </printColor>
            <nlayersource>1</nlayersource>
            <ndatasource>AAAAAAAAAAA=</ndatasource>
            <reverse>AAA=</reverse>
            <nEnableLine>257</nEnableLine>
          </LayerSetting>
          <LayerSetting>
            <curYinterleaveNum>2</curYinterleaveNum>
            <YContinueHead>1</YContinueHead>
            <curLayerType>0</curLayerType>
            <layerYOffset>0</layerYOffset>
            <subLayerNum>1</subLayerNum>
            <printColor>
              <unsignedInt>0</unsignedInt>
              <unsignedInt>0</unsignedInt>
              <unsignedInt>0</unsignedInt>
              <unsignedInt>0</unsignedInt>
              <unsignedInt>0</unsignedInt>
              <unsignedInt>0</unsignedInt>
              <unsignedInt>0</unsignedInt>
              <unsignedInt>0</unsignedInt>
            </printColor>
            <nlayersource>0</nlayersource>
            <ndatasource>AAAAAAAAAAA=</ndatasource>
            <reverse>AAA=</reverse>
            <nEnableLine>257</nEnableLine>
          </LayerSetting>
          <LayerSetting>
            <curYinterleaveNum>2</curYinterleaveNum>
            <YContinueHead>1</YContinueHead>
            <curLayerType>0</curLayerType>
            <layerYOffset>0</layerYOffset>
            <subLayerNum>1</subLayerNum>
            <printColor>
              <unsignedInt>0</unsignedInt>
              <unsignedInt>0</unsignedInt>
              <unsignedInt>0</unsignedInt>
              <unsignedInt>0</unsignedInt>
              <unsignedInt>0</unsignedInt>
              <unsignedInt>0</unsignedInt>
              <unsignedInt>0</unsignedInt>
              <unsignedInt>0</unsignedInt>
            </printColor>
            <nlayersource>0</nlayersource>
            <ndatasource>AAAAAAAAAAA=</ndatasource>
            <reverse>AAA=</reverse>
            <nEnableLine>257</nEnableLine>
          </LayerSetting>
          <LayerSetting>
            <curYinterleaveNum>2</curYinterleaveNum>
            <YContinueHead>1</YContinueHead>
            <curLayerType>0</curLayerType>
            <layerYOffset>0</layerYOffset>
            <subLayerNum>1</subLayerNum>
            <printColor>
              <unsignedInt>0</unsignedInt>
              <unsignedInt>0</unsignedInt>
              <unsignedInt>0</unsignedInt>
              <unsignedInt>0</unsignedInt>
              <unsignedInt>0</unsignedInt>
              <unsignedInt>0</unsignedInt>
              <unsignedInt>0</unsignedInt>
              <unsignedInt>0</unsignedInt>
            </printColor>
            <nlayersource>0</nlayersource>
            <ndatasource>AAAAAAAAAAA=</ndatasource>
            <reverse>AAA=</reverse>
            <nEnableLine>257</nEnableLine>
          </LayerSetting>
          <LayerSetting>
            <curYinterleaveNum>2</curYinterleaveNum>
            <YContinueHead>1</YContinueHead>
            <curLayerType>0</curLayerType>
            <layerYOffset>0</layerYOffset>
            <subLayerNum>1</subLayerNum>
            <printColor>
              <unsignedInt>0</unsignedInt>
              <unsignedInt>0</unsignedInt>
              <unsignedInt>0</unsignedInt>
              <unsignedInt>0</unsignedInt>
              <unsignedInt>0</unsignedInt>
              <unsignedInt>0</unsignedInt>
              <unsignedInt>0</unsignedInt>
              <unsignedInt>0</unsignedInt>
            </printColor>
            <nlayersource>0</nlayersource>
            <ndatasource>AAAAAAAAAAA=</ndatasource>
            <reverse>AAA=</reverse>
            <nEnableLine>257</nEnableLine>
          </LayerSetting>
          <LayerSetting>
            <curYinterleaveNum>2</curYinterleaveNum>
            <YContinueHead>1</YContinueHead>
            <curLayerType>0</curLayerType>
            <layerYOffset>0</layerYOffset>
            <subLayerNum>1</subLayerNum>
            <printColor>
              <unsignedInt>0</unsignedInt>
              <unsignedInt>0</unsignedInt>
              <unsignedInt>0</unsignedInt>
              <unsignedInt>0</unsignedInt>
              <unsignedInt>0</unsignedInt>
              <unsignedInt>0</unsignedInt>
              <unsignedInt>0</unsignedInt>
              <unsignedInt>0</unsignedInt>
            </printColor>
            <nlayersource>0</nlayersource>
            <ndatasource>AAAAAAAAAAA=</ndatasource>
            <reverse>AAA=</reverse>
            <nEnableLine>257</nEnableLine>
          </LayerSetting>
        </layerSetting>
        <nLayer>1</nLayer>
      </Layout>
    </LayoutSettingClass>
    <LayoutSettingClass>
      <Name>2</Name>
      <SpecialLayout>false</SpecialLayout>
      <SpecialYSpace>0</SpecialYSpace>
      <Layout>
        <layerNum>1</layerNum>
        <baseLayerIndex>0</baseLayerIndex>
        <layerSetting>
          <LayerSetting>
            <curYinterleaveNum>4</curYinterleaveNum>
            <YContinueHead>1</YContinueHead>
            <curLayerType>0</curLayerType>
            <layerYOffset>0</layerYOffset>
            <subLayerNum>3</subLayerNum>
            <printColor>
              <unsignedInt>15</unsignedInt>
              <unsignedInt>16</unsignedInt>
              <unsignedInt>15</unsignedInt>
              <unsignedInt>0</unsignedInt>
              <unsignedInt>0</unsignedInt>
              <unsignedInt>0</unsignedInt>
              <unsignedInt>0</unsignedInt>
              <unsignedInt>0</unsignedInt>
            </printColor>
            <nlayersource>16</nlayersource>
            <ndatasource>AACAAAAAAAA=</ndatasource>
            <reverse>AAA=</reverse>
            <nEnableLine>257</nEnableLine>
          </LayerSetting>
          <LayerSetting>
            <curYinterleaveNum>2</curYinterleaveNum>
            <YContinueHead>1</YContinueHead>
            <curLayerType>0</curLayerType>
            <layerYOffset>0</layerYOffset>
            <subLayerNum>1</subLayerNum>
            <printColor>
              <unsignedInt>0</unsignedInt>
              <unsignedInt>0</unsignedInt>
              <unsignedInt>0</unsignedInt>
              <unsignedInt>0</unsignedInt>
              <unsignedInt>0</unsignedInt>
              <unsignedInt>0</unsignedInt>
              <unsignedInt>0</unsignedInt>
              <unsignedInt>0</unsignedInt>
            </printColor>
            <nlayersource>0</nlayersource>
            <ndatasource>AAAAAAAAAAA=</ndatasource>
            <reverse>AAA=</reverse>
            <nEnableLine>257</nEnableLine>
          </LayerSetting>
          <LayerSetting>
            <curYinterleaveNum>2</curYinterleaveNum>
            <YContinueHead>1</YContinueHead>
            <curLayerType>0</curLayerType>
            <layerYOffset>0</layerYOffset>
            <subLayerNum>1</subLayerNum>
            <printColor>
              <unsignedInt>0</unsignedInt>
              <unsignedInt>0</unsignedInt>
              <unsignedInt>0</unsignedInt>
              <unsignedInt>0</unsignedInt>
              <unsignedInt>0</unsignedInt>
              <unsignedInt>0</unsignedInt>
              <unsignedInt>0</unsignedInt>
              <unsignedInt>0</unsignedInt>
            </printColor>
            <nlayersource>0</nlayersource>
            <ndatasource>AAAAAAAAAAA=</ndatasource>
            <reverse>AAA=</reverse>
            <nEnableLine>257</nEnableLine>
          </LayerSetting>
          <LayerSetting>
            <curYinterleaveNum>2</curYinterleaveNum>
            <YContinueHead>1</YContinueHead>
            <curLayerType>0</curLayerType>
            <layerYOffset>0</layerYOffset>
            <subLayerNum>1</subLayerNum>
            <printColor>
              <unsignedInt>0</unsignedInt>
              <unsignedInt>0</unsignedInt>
              <unsignedInt>0</unsignedInt>
              <unsignedInt>0</unsignedInt>
              <unsignedInt>0</unsignedInt>
              <unsignedInt>0</unsignedInt>
              <unsignedInt>0</unsignedInt>
              <unsignedInt>0</unsignedInt>
            </printColor>
            <nlayersource>0</nlayersource>
            <ndatasource>AAAAAAAAAAA=</ndatasource>
            <reverse>AAA=</reverse>
            <nEnableLine>257</nEnableLine>
          </LayerSetting>
          <LayerSetting>
            <curYinterleaveNum>2</curYinterleaveNum>
            <YContinueHead>1</YContinueHead>
            <curLayerType>0</curLayerType>
            <layerYOffset>0</layerYOffset>
            <subLayerNum>1</subLayerNum>
            <printColor>
              <unsignedInt>0</unsignedInt>
              <unsignedInt>0</unsignedInt>
              <unsignedInt>0</unsignedInt>
              <unsignedInt>0</unsignedInt>
              <unsignedInt>0</unsignedInt>
              <unsignedInt>0</unsignedInt>
              <unsignedInt>0</unsignedInt>
              <unsignedInt>0</unsignedInt>
            </printColor>
            <nlayersource>0</nlayersource>
            <ndatasource>AAAAAAAAAAA=</ndatasource>
            <reverse>AAA=</reverse>
            <nEnableLine>257</nEnableLine>
          </LayerSetting>
          <LayerSetting>
            <curYinterleaveNum>2</curYinterleaveNum>
            <YContinueHead>1</YContinueHead>
            <curLayerType>0</curLayerType>
            <layerYOffset>0</layerYOffset>
            <subLayerNum>1</subLayerNum>
            <printColor>
              <unsignedInt>0</unsignedInt>
              <unsignedInt>0</unsignedInt>
              <unsignedInt>0</unsignedInt>
              <unsignedInt>0</unsignedInt>
              <unsignedInt>0</unsignedInt>
              <unsignedInt>0</unsignedInt>
              <unsignedInt>0</unsignedInt>
              <unsignedInt>0</unsignedInt>
            </printColor>
            <nlayersource>0</nlayersource>
            <ndatasource>AAAAAAAAAAA=</ndatasource>
            <reverse>AAA=</reverse>
            <nEnableLine>257</nEnableLine>
          </LayerSetting>
          <LayerSetting>
            <curYinterleaveNum>2</curYinterleaveNum>
            <YContinueHead>1</YContinueHead>
            <curLayerType>0</curLayerType>
            <layerYOffset>0</layerYOffset>
            <subLayerNum>1</subLayerNum>
            <printColor>
              <unsignedInt>0</unsignedInt>
              <unsignedInt>0</unsignedInt>
              <unsignedInt>0</unsignedInt>
              <unsignedInt>0</unsignedInt>
              <unsignedInt>0</unsignedInt>
              <unsignedInt>0</unsignedInt>
              <unsignedInt>0</unsignedInt>
              <unsignedInt>0</unsignedInt>
            </printColor>
            <nlayersource>0</nlayersource>
            <ndatasource>AAAAAAAAAAA=</ndatasource>
            <reverse>AAA=</reverse>
            <nEnableLine>257</nEnableLine>
          </LayerSetting>
          <LayerSetting>
            <curYinterleaveNum>2</curYinterleaveNum>
            <YContinueHead>1</YContinueHead>
            <curLayerType>0</curLayerType>
            <layerYOffset>0</layerYOffset>
            <subLayerNum>1</subLayerNum>
            <printColor>
              <unsignedInt>0</unsignedInt>
              <unsignedInt>0</unsignedInt>
              <unsignedInt>0</unsignedInt>
              <unsignedInt>0</unsignedInt>
              <unsignedInt>0</unsignedInt>
              <unsignedInt>0</unsignedInt>
              <unsignedInt>0</unsignedInt>
              <unsignedInt>0</unsignedInt>
            </printColor>
            <nlayersource>0</nlayersource>
            <ndatasource>AAAAAAAAAAA=</ndatasource>
            <reverse>AAA=</reverse>
            <nEnableLine>257</nEnableLine>
          </LayerSetting>
        </layerSetting>
        <nLayer>1</nLayer>
      </Layout>
    </LayoutSettingClass>
  </Items>
</LayoutSettingClassList>