﻿<Hash CRCVers="V1.0">C8ADAECE</Hash>
<product_0>
  <VenderPrinterConfig>
    <int>75</int>
    <int>59</int>
    <unsignedByte>4</unsignedByte>
    <byte>4</byte>
    <float>0</float>
    <float>0</float>
    <float>0</float>
    <float>0</float>
    <unsignedByte>0</unsignedByte>
    <unsignedByte>0</unsignedByte>
    <unsignedInt>20</unsignedInt>
    <EPR_FactoryData_Ex>
      <len>0</len>
      <version>0</version>
      <m_nXEncoderDPI>0</m_nXEncoderDPI>
      <m_nBitFlagEx>0</m_nBitFlagEx>
      <YInterleaveNum>0</YInterleaveNum>
      <LayoutType>0</LayoutType>
      <MaxGroupNumber>0</MaxGroupNumber>
      <Vsd2ToVsd3>0</Vsd2ToVsd3>
      <Vsd2ToVsd3_ColorDeep>0</Vsd2ToVsd3_ColorDeep>
      <Only_Used_1head>0</Only_Used_1head>
      <Mask_head_used>0</Mask_head_used>
      <reserved>0</reserved>
    </EPR_FactoryData_Ex>
    <unsignedByte>0</unsignedByte>
    <SPrintAmendProperty>
      <bUseful>0</bUseful>
      <uSize>44</uSize>
      <pRipColorOrder>a2NhWVdWU1JQT01LR0NCIA==</pRipColorOrder>
      <pRetainWrod>AAAAAAAAAAAAAAAAAAAAAAAAAAAAAAAAAAAAAAAAAAAAAAAAAAA=</pRetainWrod>
    </SPrintAmendProperty>
    <USER_SET_INFORMATION>
      <Flag>434984192</Flag>
      <AccSpaceL>0</AccSpaceL>
      <AccSpaceR>0</AccSpaceR>
      <FlatSpace>0</FlatSpace>
      <uRasterSense>25400</uRasterSense>
      <PumpType>0</PumpType>
      <HeadBoardNum>2</HeadBoardNum>
      <HeadPortMask>17</HeadPortMask>
      <uPrintSense>720</uPrintSense>
      <zDefault>0</zDefault>
      <Topology>2</Topology>
      <B1HbDataMap>1</B1HbDataMap>
      <B2HbDataMap>1</B2HbDataMap>
      <HeadBoardDataByteWidth>0</HeadBoardDataByteWidth>
      <bSupportZendPointSensor>false</bSupportZendPointSensor>
      <zMaxRoute>0</zMaxRoute>
      <yMaxLen>0</yMaxLen>
      <fVOffset>0</fVOffset>
      <SamplePoint>0</SamplePoint>
      <motorDebug>0</motorDebug>
    </USER_SET_INFORMATION>
    <unsignedByte>67</unsignedByte>
    <DOUBLE_YAXIS>
      <Flag>434984192</Flag>
      <YResolution>180</YResolution>
      <fMaxoffsetpos>0</fMaxoffsetpos>
      <fMaxTolerancepos>0</fMaxTolerancepos>
      <DoubeYRatio>3.559298E-41</DoubeYRatio>
      <DrvEncRatio1>3.82035664E-37</DrvEncRatio1>
      <DrvEncRatio2>1.008935E-42</DrvEncRatio2>
      <bCorrectoffset>0</bCorrectoffset>
      <rev>AAAAAAAAAAAAAAAAAAAAAAAAAA==</rev>
    </DOUBLE_YAXIS>
    <unsignedByte>0</unsignedByte>
    <unsignedByte>16</unsignedByte>
  </VenderPrinterConfig>
</product_0>