﻿<Hash CRCVers="V1.0">BE2B139E</Hash>
<AllParam>
  <UIPreference>
    <ViewModeIndex>1</ViewModeIndex>
    <LangIndex>4</LangIndex>
    <Unit>Centimeter</Unit>
    <BeepBeforePrint>true</BeepBeforePrint>
    <DelJobAfterPrint>false</DelJobAfterPrint>
    <DelFileAfterPrint>false</DelFileAfterPrint>
    <WorkingFolder>D:\1-NewSVN\konic-sw\NewScanning_G\Scan_yan1\bin</WorkingFolder>
    <JobListHeaderList>
      <JobListColumnHeader>Name</JobListColumnHeader>
      <JobListColumnHeader>Status</JobListColumnHeader>
      <JobListColumnHeader>Size</JobListColumnHeader>
      <JobListColumnHeader>Resolution</JobListColumnHeader>
      <JobListColumnHeader>Passes</JobListColumnHeader>
      <JobListColumnHeader>BiDirection</JobListColumnHeader>
      <JobListColumnHeader>Copies</JobListColumnHeader>
      <JobListColumnHeader>PrintedPasses</JobListColumnHeader>
      <JobListColumnHeader>PrintedDate</JobListColumnHeader>
      <JobListColumnHeader>PrintTime</JobListColumnHeader>
      <JobListColumnHeader>Location</JobListColumnHeader>
    </JobListHeaderList>
    <EnableHotForlder>false</EnableHotForlder>
    <HotForlderPath>D:\1-NewSVN\konic-sw\NewScanning_G\Scan_yan1\bin</HotForlderPath>
    <PrintedAreaLogConfig>*</PrintedAreaLogConfig>
    <bAlternatingPrint>false</bAlternatingPrint>
    <bShowAttentionOnLoad>false</bShowAttentionOnLoad>
    <bShowMeasureFormBeforPrint>false</bShowMeasureFormBeforPrint>
    <ReverseHoriMoveDirection>false</ReverseHoriMoveDirection>
    <ReverseVertMoveDirection>false</ReverseVertMoveDirection>
    <ReverseZMoveDirection>false</ReverseZMoveDirection>
    <ScanningAxis>0</ScanningAxis>
    <JobModeIndex>0</JobModeIndex>
    <MediaModeIndex>0</MediaModeIndex>
    <HotFolderPrintImmediately>true</HotFolderPrintImmediately>
    <CloseNozzleSetMode>0</CloseNozzleSetMode>
    <DefaultCanleType>AlwaysQuestion</DefaultCanleType>
    <SkinName>Default</SkinName>
  </UIPreference>
  <SDoubleSidePrint>
    <PenWidth>0.03937008</PenWidth>
    <CrossFlag>0</CrossFlag>
    <CrossWidth>0.393700778</CrossWidth>
    <CrossHeight>0.393700778</CrossHeight>
    <CrossOffsetX>0.393700778</CrossOffsetX>
    <CrossOffsetY>3.937008</CrossOffsetY>
    <AddLineNum>5</AddLineNum>
    <CrossColor>255</CrossColor>
  </SDoubleSidePrint>
  <SSeviceSetting>
    <unColorMask>0</unColorMask>
    <unPassMask>0</unPassMask>
    <nCalibrationHeadIndex>3</nCalibrationHeadIndex>
    <nDirty>0</nDirty>
    <nBit2Mode>3</nBit2Mode>
    <Vsd2ToVsd3>2</Vsd2ToVsd3>
    <Vsd2ToVsd3_ColorDeep>3</Vsd2ToVsd3_ColorDeep>
    <scanningAxis>0</scanningAxis>
    <nRev2>0</nRev2>
  </SSeviceSetting>
  <UvPowerLevelMap>
    <Flag>0</Flag>
    <LightType>UvLightType1</LightType>
    <LeftL1PowerOnReady>0</LeftL1PowerOnReady>
    <LeftL2PowerOnReady>0</LeftL2PowerOnReady>
    <LeftL3PowerOnReady>0</LeftL3PowerOnReady>
    <LeftL4PowerOnReady>0</LeftL4PowerOnReady>
    <RightL1PowerOnReady>0</RightL1PowerOnReady>
    <RightL2PowerOnReady>0</RightL2PowerOnReady>
    <RightL3PowerOnReady>0</RightL3PowerOnReady>
    <RightL4PowerOnReady>0</RightL4PowerOnReady>
    <LeftL1PowerOnPrint>0</LeftL1PowerOnPrint>
    <LeftL2PowerOnPrint>0</LeftL2PowerOnPrint>
    <LeftL3PowerOnPrint>0</LeftL3PowerOnPrint>
    <LeftL4PowerOnPrint>0</LeftL4PowerOnPrint>
    <RightL1PowerOnPrint>0</RightL1PowerOnPrint>
    <RightL2PowerOnPrint>0</RightL2PowerOnPrint>
    <RightL3PowerOnPrint>0</RightL3PowerOnPrint>
    <RightL4PowerOnPrint>0</RightL4PowerOnPrint>
  </UvPowerLevelMap>
  <PeripheralExtendedSettings>
    <BackAndForthLen>0</BackAndForthLen>
    <FloraParam>
      <cappingYPlace>0</cappingYPlace>
      <cappingZPlace>0</cappingZPlace>
      <cleanZPlace>0</cleanZPlace>
      <purgeInkTime>0</purgeInkTime>
      <purgeInkRecoverTime>0</purgeInkRecoverTime>
      <suckStartPlace>0</suckStartPlace>
      <suckEndPlace>0</suckEndPlace>
      <bIsNeedPrepare>false</bIsNeedPrepare>
      <bIsNeedCleanFlash>false</bIsNeedCleanFlash>
      <speed>0</speed>
      <preOffset>0</preOffset>
      <cleanSlotNum>0</cleanSlotNum>
      <cleanSlotSpace>0</cleanSlotSpace>
      <cleanMotorSpeed>0</cleanMotorSpeed>
      <doWetDelay>0</doWetDelay>
      <waitTime>0</waitTime>
      <speedBack>0</speedBack>
      <scraperStart1>0</scraperStart1>
      <scraperStart2>0</scraperStart2>
    </FloraParam>
    <StepAdjust>3.937008</StepAdjust>
    <fYOrigin1>0</fYOrigin1>
    <fYOrigin2>0</fYOrigin2>
    <MotorParam>
      <sysMode>0</sysMode>
      <rev>0</rev>
      <torValue>0</torValue>
      <headAdjustHei>0</headAdjustHei>
      <torSwitchStepVal>0</torSwitchStepVal>
      <torSwitchStepTime>0</torSwitchStepTime>
    </MotorParam>
    <EnableSingleLayerMode>false</EnableSingleLayerMode>
    <fCalculateRollLength>0</fCalculateRollLength>
    <bEnableDetectRollLength>false</bEnableDetectRollLength>
    <fDiameterCore>0</fDiameterCore>
    <fDiameterRoll>0</fDiameterRoll>
    <fMediaThickness>0</fMediaThickness>
    <WhiteInkMixing>
      <PulseTime>0</PulseTime>
      <CycTime>0</CycTime>
      <StirPulse>0</StirPulse>
      <StirCyc>0</StirCyc>
    </WhiteInkMixing>
    <IsFlatMode>false</IsFlatMode>
    <fRoll2FlatJobSpace>0</fRoll2FlatJobSpace>
    <PlatformCorrect>0</PlatformCorrect>
    <UVOffsetDis>
      <OffsetDistArray>
        <float>0</float>
        <float>0</float>
        <float>0</float>
        <float>0</float>
        <float>0</float>
        <float>0</float>
        <float>0</float>
        <float>0</float>
      </OffsetDistArray>
    </UVOffsetDis>
    <YSpeed>0</YSpeed>
  </PeripheralExtendedSettings>
</AllParam>