<PrintRecordList>
  <PrintRecord>
    <UIJob>
      <JobStatus>Printing</JobStatus>
      <string>360..prt</string>
      <int>1</int>
      <dateTime>2020-03-03T11:41:32.9494152+08:00</dateTime>
      <string>D:\prt\360..prt</string>
      <int>0</int>
      <string>360._000.bmp</string>
      <SPrtFileInfo>
        <sFreSetting>
          <nResolutionX>360</nResolutionX>
          <nResolutionY>360</nResolutionY>
          <nBidirection>0</nBidirection>
          <nPass>1</nPass>
          <nSpeed>HighSpeed</nSpeed>
          <bUsePrinterSetting>0</bUsePrinterSetting>
          <fXOrigin>0</fXOrigin>
        </sFreSetting>
        <sImageInfo>
          <nImageType>0</nImageType>
          <nImageWidth>8564</nImageWidth>
          <nImageHeight>9038</nImageHeight>
          <nImageColorNum>12</nImageColorNum>
          <nImageColorDeep>1</nImageColorDeep>
          <nImageResolutionX>1</nImageResolutionX>
          <nImageResolutionY>1</nImageResolutionY>
          <nImageDataSize>0</nImageDataSize>
        </sImageInfo>
        <nVersion>0</nVersion>
        <sRipSource />
        <sJobName />
      </SPrtFileInfo>
      <JobClip>
        <string>D:\prt\360..prt</string>
        <string>D:\prt\360..prt</string>
        <SPrtFileInfo>
          <sFreSetting>
            <nResolutionX>360</nResolutionX>
            <nResolutionY>360</nResolutionY>
            <nBidirection>0</nBidirection>
            <nPass>1</nPass>
            <nSpeed>HighSpeed</nSpeed>
            <bUsePrinterSetting>0</bUsePrinterSetting>
            <fXOrigin>0</fXOrigin>
          </sFreSetting>
          <sImageInfo>
            <nImageType>0</nImageType>
            <nImageWidth>8564</nImageWidth>
            <nImageHeight>9038</nImageHeight>
            <nImageColorNum>12</nImageColorNum>
            <nImageColorDeep>1</nImageColorDeep>
            <nImageResolutionX>1</nImageResolutionX>
            <nImageResolutionY>1</nImageResolutionY>
            <nImageDataSize>0</nImageDataSize>
          </sImageInfo>
          <nVersion>0</nVersion>
          <sRipSource />
          <sJobName />
        </SPrtFileInfo>
        <Rectangle>
          <Location>
            <X>1</X>
            <Y>1</Y>
          </Location>
          <Size>
            <Width>1</Width>
            <Height>1</Height>
          </Size>
          <X>1</X>
          <Y>1</Y>
          <Width>1</Width>
          <Height>1</Height>
        </Rectangle>
        <int>8564</int>
        <int>9038</int>
        <int>0</int>
        <int>0</int>
        <int>0</int>
        <string />
        <string>Arial, 16pt</string>
        <int>0</int>
        <int>3</int>
        <string />
        <int>0</int>
        <int>0</int>
        <int>0</int>
        <int>0</int>
        <int>1</int>
        <int>1</int>
        <int>0</int>
        <int>0</int>
        <boolean>false</boolean>
        <boolean>true</boolean>
        <boolean>true</boolean>
        <boolean>true</boolean>
        <string />
        <int>0</int>
        <int>0</int>
        <int>0</int>
        <int>0</int>
      </JobClip>
      <boolean>false</boolean>
      <boolean>true</boolean>
      <boolean>true</boolean>
      <SJobSetting_UI>
        <bReversePrint>false</bReversePrint>
        <bAlternatingPrint>false</bAlternatingPrint>
        <bLevelLingPrint>false</bLevelLingPrint>
        <pPrintMode>Normal</pPrintMode>
        <nSpeed>HighSpeed</nSpeed>
        <nPass>0</nPass>
        <multipleInk>0</multipleInk>
        <bUseFileSetting>false</bUseFileSetting>
        <scanningAxis>8</scanningAxis>
        <bIsDouble4CJob>false</bIsDouble4CJob>
        <cNegMaxGray>0</cNegMaxGray>
      </SJobSetting_UI>
      <string>360._000_clip.bmp</string>
      <string />
      <double>0</double>
      <float>23.7888889</float>
      <float>0</float>
      <boolean>false</boolean>
    </UIJob>
    <ArrayOfInnerInkCount>
      <InnerInkCount>
        <Color>Yellow</Color>
        <Value>0</Value>
      </InnerInkCount>
      <InnerInkCount>
        <Color>Magenta</Color>
        <Value>0</Value>
      </InnerInkCount>
      <InnerInkCount>
        <Color>Cyan</Color>
        <Value>0</Value>
      </InnerInkCount>
      <InnerInkCount>
        <Color>Black</Color>
        <Value>0</Value>
      </InnerInkCount>
    </ArrayOfInnerInkCount>
    <long>80000000</long>
    <float>0.6376811</float>
    <float>0.4142617</float>
    <float>0</float>
    <float>0</float>
    <int>9038</int>
  </PrintRecord>
</PrintRecordList>