<SPrinterProperty>
  <bSupportBit1>0</bSupportBit1>
  <fQepPerInchY>0</fQepPerInchY>
  <bSupportFeather>true</bSupportFeather>
  <bSupportHeadHeat>false</bSupportHeadHeat>
  <bSupportDoubleMachine>false</bSupportDoubleMachine>
  <bSupportYEncoder>false</bSupportYEncoder>
  <bSupportWhiteInkYoffset>false</bSupportWhiteInkYoffset>
  <nWhiteInkNum>0</nWhiteInkNum>
  <nOneHeadDivider>0</nOneHeadDivider>
  <nCarriageReturnNum>0</nCarriageReturnNum>
  <ePrinterHead>Spectra_Polaris_15pl</ePrinterHead>
  <eSingleClean>None</eSingleClean>
  <nColorNum>4</nColorNum>
  <nHeadNumOld>16</nHeadNumOld>
  <nHeadNumPerColor>4</nHeadNumPerColor>
  <nHeadNumPerGroupY>1</nHeadNumPerGroupY>
  <nHeadNumPerRow>16</nHeadNumPerRow>
  <nHeadHeightNum>0</nHeadHeightNum>
  <nElectricNum>16</nElectricNum>
  <nResNum>3</nResNum>
  <nMediaType>0</nMediaType>
  <nPassListNum>7</nPassListNum>
  <nRev1>1</nRev1>
  <bSupportAutoClean>true</bSupportAutoClean>
  <bSupportPaperSensor>false</bSupportPaperSensor>
  <bSupportWhiteInk>false</bSupportWhiteInk>
  <bSupportUV>false</bSupportUV>
  <bSupportHandFlash>false</bSupportHandFlash>
  <nDspInfo>0</nDspInfo>
  <bSupportMilling>false</bSupportMilling>
  <bSupportZMotion>false</bSupportZMotion>
  <bHeadInLeft>true</bHeadInLeft>
  <bPowerOnRenewProperty>false</bPowerOnRenewProperty>
  <bHeadElectricReverse>true</bHeadElectricReverse>
  <bHeadSerialReverse>false</bHeadSerialReverse>
  <bInternalMap>true</bInternalMap>
  <bElectricMap>false</bElectricMap>
  <fMaxPaperWidth>129.921249</fMaxPaperWidth>
  <fMaxPaperHeight>129.921265</fMaxPaperHeight>
  <fHeadAngle>0</fHeadAngle>
  <fHeadYSpace>0</fHeadYSpace>
  <fHeadXColorSpace>3.9763782</fHeadXColorSpace>
  <fHeadXGroupSpace>2.16535425</fHeadXGroupSpace>
  <nResX>720</nResX>
  <nResY>50</nResY>
  <nStepPerHead>5200</nStepPerHead>
  <fPulsePerInchX>0</fPulsePerInchX>
  <_fPulsePerInchY>0</_fPulsePerInchY>
  <fPulsePerInchZ>0</fPulsePerInchZ>
  <Version>0</Version>
  <SettingOnOff>0</SettingOnOff>
  <machine_type_0>0</machine_type_0>
  <machine_type_1>0</machine_type_1>
  <nElectricNumNew>256</nElectricNumNew>
  <nHbNum>2</nHbNum>
  <SSysterm>3</SSysterm>
  <nHeadNumNew>1284</nHeadNumNew>
  <HeadResY>1798</HeadResY>
  <rev2>CAkKCwwNDg8QERITFBUWFwAAAAAAAAAA</rev2>
  <eColorOrder>S0NNWW1jT0cBAgQBAgMEBg==</eColorOrder>
  <rev41>8</rev41>
  <bSupportZendPointSensor>true</bSupportZendPointSensor>
  <rev42>AAA=</rev42>
  <eSpeedMap>AAAA</eSpeedMap>
</SPrinterProperty>