<SPrinterProperty>
  <nRev1>0</nRev1>
  <fQepPerInchY>0</fQepPerInchY>
  <bSupportFeather>false</bSupportFeather>
  <bSupportHeadHeat>false</bSupportHeadHeat>
  <bSupportDoubleMachine>false</bSupportDoubleMachine>
  <bSupportYEncoder>false</bSupportYEncoder>
  <bSupportWhiteInkYoffset>false</bSupportWhiteInkYoffset>
  <nWhiteInkNum>0</nWhiteInkNum>
  <nOneHeadDivider>0</nOneHeadDivider>
  <nCarriageReturnNum>0</nCarriageReturnNum>
  <ePrinterHead>Konica_KM256M_14pl</ePrinterHead>
  <eSingleClean>None</eSingleClean>
  <nColorNum>4</nColorNum>
  <nHeadNum>8</nHeadNum>
  <nHeadNumPerColor>1</nHeadNumPerColor>
  <nHeadNumPerGroupY>2</nHeadNumPerGroupY>
  <nHeadNumPerRow>4</nHeadNumPerRow>
  <nHeadHeightNum>0</nHeadHeightNum>
  <nElectricNum>16</nElectricNum>
  <nResNum>3</nResNum>
  <nMediaType>0</nMediaType>
  <nPassListNum>7</nPassListNum>
  <bSupportBit1>1</bSupportBit1>
  <bSupportAutoClean>true</bSupportAutoClean>
  <bSupportPaperSensor>true</bSupportPaperSensor>
  <bSupportWhiteInk>false</bSupportWhiteInk>
  <bSupportUV>false</bSupportUV>
  <bSupportHandFlash>false</bSupportHandFlash>
  <nDspInfo>0</nDspInfo>
  <bSupportMilling>false</bSupportMilling>
  <bSupportZMotion>true</bSupportZMotion>
  <bHeadInLeft>true</bHeadInLeft>
  <bPowerOnRenewProperty>false</bPowerOnRenewProperty>
  <bHeadElectricReverse>true</bHeadElectricReverse>
  <bHeadSerialReverse>false</bHeadSerialReverse>
  <bInternalMap>true</bInternalMap>
  <bElectricMap>false</bElectricMap>
  <fMaxPaperWidth>129.921265</fMaxPaperWidth>
  <fMaxPaperHeight>0</fMaxPaperHeight>
  <fHeadAngle>0</fHeadAngle>
  <fHeadYSpace>0</fHeadYSpace>
  <fHeadXColorSpace>1.45669293</fHeadXColorSpace>
  <fHeadXGroupSpace>0</fHeadXGroupSpace>
  <nResX>720</nResX>
  <nResY>180</nResY>
  <nStepPerHead>13916</nStepPerHead>
  <fPulsePerInchX>0</fPulsePerInchX>
  <fPulsePerInchY>0</fPulsePerInchY>
  <fPulsePerInchZ>0</fPulsePerInchZ>
  <pHeadMask>AAAAAAAAAAAAAAAAAAAAAA==</pHeadMask>
  <pElectricMap>BAcKDQUICw4GCQwPAAECAwAAAAAAAAAAAAAAAAAAAAA=</pElectricMap>
  <eColorOrder>S0NNWW1jT0c=</eColorOrder>
  <eSpeedMap>AQIE</eSpeedMap>
  <pPassList>AQIDBAYIDAAAAAAA</pPassList>
</SPrinterProperty>