<SPrinterProperty>
  <bSupportBit1>1</bSupportBit1>
  <fQepPerInchY>0</fQepPerInchY>
  <bSupportFeather>false</bSupportFeather>
  <bSupportHeadHeat>false</bSupportHeadHeat>
  <bSupportDoubleMachine>false</bSupportDoubleMachine>
  <bSupportYEncoder>false</bSupportYEncoder>
  <bSupportWhiteInkYoffset>false</bSupportWhiteInkYoffset>
  <nWhiteInkNum>0</nWhiteInkNum>
  <nOneHeadDivider>0</nOneHeadDivider>
  <nCarriageReturnNum>0</nCarriageReturnNum>
  <ePrinterHead>Konica_KM256M_14pl</ePrinterHead>
  <eSingleClean>SingleColor</eSingleClean>
  <nColorNum>4</nColorNum>
  <nHeadNumOld>0</nHeadNumOld>
  <nHeadNumPerColor>1</nHeadNumPerColor>
  <nHeadNumPerGroupY>2</nHeadNumPerGroupY>
  <nHeadNumPerRow>4</nHeadNumPerRow>
  <nHeadHeightNum>0</nHeadHeightNum>
  <nElectricNum>16</nElectricNum>
  <nResNum>3</nResNum>
  <nMediaType>0</nMediaType>
  <nPassListNum>0</nPassListNum>
  <nRev1>0</nRev1>
  <bSupportAutoClean>true</bSupportAutoClean>
  <bSupportPaperSensor>false</bSupportPaperSensor>
  <bSupportWhiteInk>false</bSupportWhiteInk>
  <bSupportUV>true</bSupportUV>
  <bSupportHandFlash>false</bSupportHandFlash>
  <nDspInfo>0</nDspInfo>
  <bSupportMilling>false</bSupportMilling>
  <bSupportZMotion>false</bSupportZMotion>
  <bHeadInLeft>true</bHeadInLeft>
  <bPowerOnRenewProperty>false</bPowerOnRenewProperty>
  <bHeadElectricReverse>true</bHeadElectricReverse>
  <bHeadSerialReverse>false</bHeadSerialReverse>
  <bInternalMap>true</bInternalMap>
  <bElectricMap>false</bElectricMap>
  <fMaxPaperWidth>129.921265</fMaxPaperWidth>
  <fMaxPaperHeight>129.921265</fMaxPaperHeight>
  <fHeadAngle>0</fHeadAngle>
  <fHeadYSpace>0</fHeadYSpace>
  <fHeadXColorSpace>1.45669293</fHeadXColorSpace>
  <fHeadXGroupSpace>0</fHeadXGroupSpace>
  <nResX>720</nResX>
  <nResY>180</nResY>
  <nStepPerHead>13916</nStepPerHead>
  <fPulsePerInchX>0</fPulsePerInchX>
  <_fPulsePerInchY>0</_fPulsePerInchY>
  <fPulsePerInchZ>1</fPulsePerInchZ>
  <Version>0</Version>
  <SettingOnOff>0</SettingOnOff>
  <rev>0</rev>
  <rev1>0</rev1>
  <nElectricNumNew>16</nElectricNumNew>
  <nHbNum>0</nHbNum>
  <SSysterm>0</SSysterm>
  <nHeadNumNew>8</nHeadNumNew>
  <rev2>AAAAAAAAAAAAAAAAAAAAAAAAAAAAAAAAAAA=</rev2>
  <eColorOrder>bWNLWUNNT0dtY0tZQ01PRw==</eColorOrder>
  <rev41>0</rev41>
  <bSupportZendPointSensor>false</bSupportZendPointSensor>
  <rev42>AAA=</rev42>
  <eSpeedMap>AQIE</eSpeedMap>
</SPrinterProperty>